{
	"formatVersion": 2,
	"appVersion": "0.94.0",
	"files": [
		{
			"isClone": false,
			"noteId": "1JZzJx1lZ89i",
			"notePath": [
				"1JZzJx1lZ89i"
			],
			"title": "MusicPlayer",
			"notePosition": 10,
			"prefix": null,
			"isExpanded": true,
			"type": "code",
			"mime": "application/javascript;env=frontend",
			"attributes": [
				{
					"type": "label",
					"name": "iconClass",
					"value": "bx bxs-music",
					"isInheritable": false,
					"position": 20
				},
				{
					"type": "label",
					"name": "widget",
					"value": "",
					"isInheritable": false,
					"position": 10
				}
			],
			"dataFileName": "MusicPlayer.js",
			"attachments": [],
			"dirFileName": "MusicPlayer",
			"children": [
				{
					"isClone": false,
					"noteId": "Cye2P8E9YbRp",
					"notePath": [
						"1JZzJx1lZ89i",
						"Cye2P8E9YbRp"
					],
					"title": "musics",
					"notePosition": 30,
					"prefix": null,
					"isExpanded": true,
					"type": "text",
					"mime": "text/html",
					"attributes": [],
					"format": "html",
					"attachments": [],
					"dirFileName": "musics",
					"children": [
						{
							"isClone": false,
							"noteId": "IdEI3oI1AOal",
							"notePath": [
								"1JZzJx1lZ89i",
								"Cye2P8E9YbRp",
								"IdEI3oI1AOal"
							],
							"title": "绿光.mp3",
							"notePosition": 40,
							"prefix": null,
							"isExpanded": false,
							"type": "file",
							"mime": "audio/mpeg",
							"attributes": [
								{
									"type": "label",
									"name": "originalFileName",
									"value": "绿光.mp3",
									"isInheritable": false,
									"position": 10
								},
								{
									"type": "label",
									"name": "customResourceProvider",
									"value": "sound/绿光.mp3",
									"isInheritable": false,
									"position": 20
								}
							],
							"dataFileName": "绿光.mp3",
							"attachments": []
						},
						{
							"isClone": false,
							"noteId": "1AGfsd9lvNht",
							"notePath": [
								"1JZzJx1lZ89i",
								"Cye2P8E9YbRp",
								"1AGfsd9lvNht"
							],
							"title": "指纹.mp3",
							"notePosition": 50,
							"prefix": null,
							"isExpanded": false,
							"type": "file",
							"mime": "audio/mpeg",
							"attributes": [
								{
									"type": "label",
									"name": "originalFileName",
									"value": "指纹.mp3",
									"isInheritable": false,
									"position": 10
								},
								{
									"type": "label",
									"name": "customResourceProvider",
									"value": "sound/指纹.mp3",
									"isInheritable": false,
									"position": 20
								}
							],
							"dataFileName": "指纹.mp3",
							"attachments": []
						},
						{
							"isClone": false,
							"noteId": "z2A9dxizh25h",
							"notePath": [
								"1JZzJx1lZ89i",
								"Cye2P8E9YbRp",
								"z2A9dxizh25h"
							],
							"title": "洋葱.mp3",
							"notePosition": 60,
							"prefix": null,
							"isExpanded": false,
							"type": "file",
							"mime": "audio/mpeg",
							"attributes": [
								{
									"type": "label",
									"name": "originalFileName",
									"value": "洋葱.mp3",
									"isInheritable": false,
									"position": 10
								},
								{
									"type": "label",
									"name": "customResourceProvider",
									"value": "sound/洋葱.mp3",
									"isInheritable": false,
									"position": 20
								}
							],
							"dataFileName": "洋葱.mp3",
							"attachments": []
						}
					]
				},
				{
					"isClone": false,
					"noteId": "ySuRJD1hkQYD",
					"notePath": [
						"1JZzJx1lZ89i",
						"ySuRJD1hkQYD"
					],
					"title": "Music Player Toggle",
					"notePosition": 60,
					"prefix": null,
					"isExpanded": false,
					"type": "code",
					"mime": "application/javascript;env=frontend",
					"attributes": [],
					"dataFileName": "Music Player Toggle.js",
					"attachments": []
				},
				{
					"isClone": false,
					"noteId": "aXx0mMtKpODf",
					"notePath": [
						"1JZzJx1lZ89i",
						"aXx0mMtKpODf"
					],
					"title": "启动器",
					"notePosition": 90,
					"prefix": null,
					"isExpanded": false,
					"type": "code",
					"mime": "application/javascript;env=backend",
					"attributes": [
						{
							"type": "label",
							"name": "executeButton",
							"value": "Create Launcher",
							"isInheritable": false,
							"position": 10
						},
						{
							"type": "relation",
							"name": "ToggleMusicPlayer",
							"value": "ySuRJD1hkQYD",
							"isInheritable": false,
							"position": 20
						},
						{
							"type": "label",
							"name": "iconClass",
							"value": "bx bxs-music",
							"isInheritable": false,
							"position": 30
						}
					],
					"dataFileName": "启动器.js",
					"attachments": []
				}
			]
		},
		{
			"noImport": true,
			"dataFileName": "navigation.html"
		},
		{
			"noImport": true,
			"dataFileName": "index.html"
		},
		{
			"noImport": true,
			"dataFileName": "style.css"
		}
	]
}